<?xml version="1.0" encoding="UTF-8"?>
    <addon id="plugin.video.tatv" name="Toonami Aftermath TV" version="1.0.0" provider-name="Toon">
        <requires>
            <import addon="xbmc.addon" version="12.0.0"/>
        </requires>
        <extension point="xbmc.addon.repository" name="Toonami Aftermath TV">
            <info compressed="false">https://github.com/toonamiaft/kodi-tatv_repo/addons.xml</info>
            <checksum>https://github.com/toonamiaft/kodi-tatv_repo/addons.xml.md5</checksum>
            <datadir zip="true">https://github.com/toonamiaft/kodi-tatv_repo/</datadir>
            <hashes>false</hashes>
        </extension>
        <extension point="xbmc.addon.metadata">
            <summary>Toonami Aftermath TV for Kodi</summary>
            <description>Non-stop classic television programming featuring Toonami, Cartoon Cartoons and more!</description>
            <platform>all</platform>
    </extension>
</addon>